IP Address,Login Source,Login Date & Time
125.238.201.56,Web,"Apr 4, 2017, 7:34:20 AM"
125.238.202.243,Web,"Oct 15, 2016, 4:50:54 AM"
125.239.132.96,Web,"Jun 17, 2017, 8:43:41 PM"
125.238.202.145,Web,"May 7, 2016, 6:10:39 AM"
125.238.202.145,Web,"Feb 28, 2016, 5:19:23 AM"
125.238.202.145,Web,"Apr 12, 2016, 5:47:55 AM"
125.238.207.192,Web,"Feb 24, 2017, 7:22:35 PM"
125.238.207.192,Web,"Dec 27, 2016, 8:50:08 PM"
125.238.202.243,Web,"Sep 3, 2016, 10:23:55 PM"
125.238.207.94,Web,"Nov 26, 2015, 4:57:59 AM"
125.238.207.192,Web,"Dec 27, 2016, 9:07:23 PM"
125.238.204.112,Web,"Dec 8, 2015, 2:44:37 AM"
125.238.202.139,Web,"Apr 16, 2017, 9:22:29 AM"
125.238.202.145,Web,"Jan 16, 2016, 10:48:56 PM"
125.238.202.145,Web,"Mar 6, 2016, 2:24:44 AM"
125.238.202.243,Web,"Jul 26, 2016, 5:03:24 AM"
125.238.204.112,Web,"Dec 7, 2015, 7:33:59 AM"
125.238.206.144,Web,"Jun 23, 2016, 3:18:52 AM"
125.239.132.96,Web,"Jun 17, 2017, 8:43:58 PM"
125.238.207.50,Web,"Sep 26, 2019, 6:52:24 AM"
125.238.207.50,Mobile,"Nov 8, 2019, 2:28:24 AM"
222.152.84.233,Web,"Mar 30, 2020, 9:41:27 PM"
125.238.207.108,Web,"May 13, 2020, 12:04:25 AM"
125.238.207.108,Web,"Jun 8, 2020, 4:58:41 AM"
222.154.238.21,Web,"Jul 8, 2020, 10:19:39 PM"
202.36.179.104,Web,"Aug 8, 2020, 8:55:58 AM"
202.36.179.104,Web,"Oct 4, 2020, 6:26:44 AM"
202.36.179.104,Web,"Oct 4, 2020, 6:26:53 AM"
119.224.87.30,Web,"May 13, 2021, 9:22:31 PM"
119.224.87.30,Web,"Oct 4, 2021, 2:34:00 AM"
222.152.85.97,Web,"Dec 11, 2021, 2:09:10 AM"
121.99.48.109,Web,"Feb 16, 2022, 4:10:53 AM"
121.99.48.109,Web,"Mar 1, 2022, 5:52:20 AM"
